ZIPƒtƒ@ƒCƒ‹–¼,o—Í”NŒ“úE,’n”Ô‹æˆæ,’n”Ô,’n”Ô‹æˆæi•MŠE–¢’è’n\¬’n”Ôj,’n”Ôi•MŠE–¢’è’n\¬’n”Ôj
20581-1000-1.zip,202202011356,ã…“àŒSMBV’¬‘åšOè,1222-6,,
20581-1000-2.zip,202202011356,ã…“àŒSMBV’¬‘åš‰ºsê,•Ê}-23,,
20581-1000-2.zip,202202011356,ã…“àŒSMBV’¬‘åš‰ºsê,•Ê}-24,,
20581-1000-2.zip,202202011356,ã…“àŒSMBV’¬‘åš‰ºsê,•Ê}-25,,
20581-1000-2.zip,202202011356,ã…“àŒSMBV’¬‘åš‰ºsê,•Ê}-26,,
20581-1000-2.zip,202202011356,ã…“àŒSMBV’¬‘åš‰ºsê,•Ê}-27,,
20581-1000-2.zip,202202011356,ã…“àŒSMBV’¬‘åš‰ºsê,•Ê}-28,,
20581-1000-2.zip,202202011356,ã…“àŒSMBV’¬‘åš‰ºsê,•Ê}-29,,
20581-1000-2.zip,202202011356,ã…“àŒSMBV’¬‘åš‰ºsê,•Ê}-30,,
20581-1000-2.zip,202202011356,ã…“àŒSMBV’¬‘åš‰ºsê,…-17,,
20581-1000-2.zip,202202011356,ã…“àŒSMBV’¬‘åš‰ºsê,•Ê}-31,,
20581-1000-2.zip,202202011356,ã…“àŒSMBV’¬‘åš‰ºsê,•Ê}-32,,
20581-1000-2.zip,202202011356,ã…“àŒSMBV’¬‘åš‰ºsê,•Ê}-33,,
20581-1000-2.zip,202202011356,ã…“àŒSMBV’¬‘åš‰ºsê,•Ê}-34,,
20581-1000-2.zip,202202011356,ã…“àŒSMBV’¬‘åš‰ºsê,“¹-209-1,,
20581-1000-2.zip,202202011356,ã…“àŒSMBV’¬‘åš‰ºsê,“¹-208,,
20581-1000-2.zip,202202011356,ã…“àŒSMBV’¬‘åš‰ºsê,“¹-250-1,,
20581-1000-2.zip,202202011356,ã…“àŒSMBV’¬‘åš‰ºsê,“¹-216,,
20581-1000-2.zip,202202011356,ã…“àŒSMBV’¬‘åš‰ºsê,“¹-212,,
20581-1000-2.zip,202202011356,ã…“àŒSMBV’¬‘åš‰ºsê,“¹-285-3,,
20581-1000-2.zip,202202011356,ã…“àŒSMBV’¬‘åš‰ºsê,“¹-280-3,,
20581-1000-2.zip,202202011356,ã…“àŒSMBV’¬‘åš‰ºsê,“¹-360-5,,
20581-1000-2.zip,202202011356,ã…“àŒSMBV’¬‘åš‰ºsê,…-18,,
20581-1000-2.zip,202202011356,ã…“àŒSMBV’¬‘åš‰ºsê,“¹-296,,
20581-1000-2.zip,202202011356,ã…“àŒSMBV’¬‘åš‰ºsê,“¹-300,,
20581-1000-2.zip,202202011356,ã…“àŒSMBV’¬‘åš‰ºsê,“¹-301-1,,
20581-1000-2.zip,202202011356,ã…“àŒSMBV’¬‘åš‰ºsê,“¹-331-3,,
20581-1000-2.zip,202202011356,ã…“àŒSMBV’¬‘åš‰ºsê,“¹-336-2,,
20581-1000-2.zip,202202011356,ã…“àŒSMBV’¬‘åš‰ºsê,“¹-344-10,,
20581-1000-2.zip,202202011356,ã…“àŒSMBV’¬‘åš‰ºsê,“¹-344-5,,
20581-1000-2.zip,202202011356,ã…“àŒSMBV’¬‘åš‰ºsê,“¹-4,,
20581-1000-3.zip,202202011356,ã…“àŒSMBV’¬‘åš‰ºsê,•Ê}-57,,
20581-1000-3.zip,202202011356,ã…“àŒSMBV’¬‘åš‰ºsê,•Ê}-58,,
20581-1000-3.zip,202202011356,ã…“àŒSMBV’¬‘åš‰ºsê,…-42,,
20581-1000-3.zip,202202011356,ã…“àŒSMBV’¬‘åš‰ºsê,…-43,,
20581-1000-3.zip,202202011356,ã…“àŒSMBV’¬‘åš‰ºsê,•Ê}-59,,
20581-1000-3.zip,202202011356,ã…“àŒSMBV’¬‘åš‰ºsê,•Ê}-60,,
20581-1000-3.zip,202202011356,ã…“àŒSMBV’¬‘åš‰ºsê,“¹-21,,
20581-1000-3.zip,202202011356,ã…“àŒSMBV’¬‘åš‰ºsê,“¹-22,,
20581-1000-3.zip,202202011356,ã…“àŒSMBV’¬‘åš‰ºsê,“¹-24,,
20581-1000-3.zip,202202011356,ã…“àŒSMBV’¬‘åš‰ºsê,“¹-25,,
20581-1000-3.zip,202202011356,ã…“àŒSMBV’¬‘åš‰ºsê,“¹-27,,
20581-1000-3.zip,202202011356,ã…“àŒSMBV’¬‘åš‰ºsê,“¹-28,,
20581-1000-3.zip,202202011356,ã…“àŒSMBV’¬‘åš‰ºsê,…-44,,
20581-1000-3.zip,202202011356,ã…“àŒSMBV’¬‘åš‰ºsê,…-45,,
20581-1000-3.zip,202202011356,ã…“àŒSMBV’¬‘åš‰ºsê,…-46,,
20581-1000-3.zip,202202011356,ã…“àŒSMBV’¬‘åš‰ºsê,…-47,,
20581-1000-3.zip,202202011356,ã…“àŒSMBV’¬‘åš‰ºsê,…-48,,
20581-1000-3.zip,202202011356,ã…“àŒSMBV’¬‘åš‰ºsê,…-49,,
20581-1000-3.zip,202202011356,ã…“àŒSMBV’¬‘åš‰ºsê,•Ê}-61,,
20581-1000-3.zip,202202011356,ã…“àŒSMBV’¬‘åš‰ºsê,•Ê}-62,,
20581-1000-3.zip,202202011356,ã…“àŒSMBV’¬‘åš‰ºsê,•Ê}-63,,
20581-1000-3.zip,202202011356,ã…“àŒSMBV’¬‘åš‰ºsê,•Ê}-64,,
20581-1000-3.zip,202202011356,ã…“àŒSMBV’¬‘åš‰ºsê,…-50,,
20581-1000-3.zip,202202011356,ã…“àŒSMBV’¬‘åš‰ºsê,…-51,,
20581-1000-3.zip,202202011356,ã…“àŒSMBV’¬‘åš‰ºsê,“¹-17,,
20581-1000-3.zip,202202011356,ã…“àŒSMBV’¬‘åš‰ºsê,“¹-20,,
20581-1000-3.zip,202202011356,ã…“àŒSMBV’¬‘åš‰ºsê,“¹-29,,
20581-1000-3.zip,202202011356,ã…“àŒSMBV’¬‘åš‰ºsê,“¹-30,,
20581-1000-3.zip,202202011356,ã…“àŒSMBV’¬‘åš‰ºsê,“¹-31,,
20581-1000-3.zip,202202011356,ã…“àŒSMBV’¬‘åš‰ºsê,“¹-32,,
20581-1000-3.zip,202202011356,ã…“àŒSMBV’¬‘åš‰ºsê,“¹-33,,
20581-1000-3.zip,202202011356,ã…“àŒSMBV’¬‘åš‰ºsê,“¹-34,,
20581-1000-3.zip,202202011356,ã…“àŒSMBV’¬‘åš‰ºsê,“¹-35,,
20581-1000-3.zip,202202011356,ã…“àŒSMBV’¬‘åš‰ºsê,“¹-36,,
20581-1000-3.zip,202202011356,ã…“àŒSMBV’¬‘åš‰ºsê,“¹-37,,
20581-1000-3.zip,202202011356,ã…“àŒSMBV’¬‘åš‰ºsê,“¹-38,,
20581-1000-3.zip,202202011356,ã…“àŒSMBV’¬‘åš‰ºsê,“¹-39,,
20581-1000-3.zip,202202011356,ã…“àŒSMBV’¬‘åš‰ºsê,“¹-1,,
20581-1000-3.zip,202202011356,ã…“àŒSMBV’¬‘åš‰ºsê,“¹-2,,
20581-1000-3.zip,202202011356,ã…“àŒSMBV’¬‘åš‰ºsê,“¹-3,,
20581-1000-3.zip,202202011356,ã…“àŒSMBV’¬‘åš‰ºsê,“¹-6,,
20581-1000-3.zip,202202011356,ã…“àŒSMBV’¬‘åš‰ºsê,“¹-7,,
20581-1000-3.zip,202202011356,ã…“àŒSMBV’¬‘åš‰ºsê,“¹-9,,
20581-1000-3.zip,202202011356,ã…“àŒSMBV’¬‘åš‰ºsê,“¹-10,,
20581-1000-3.zip,202202011356,ã…“àŒSMBV’¬‘åš‰ºsê,“¹-11,,
20581-1000-3.zip,202202011356,ã…“àŒSMBV’¬‘åš‰ºsê,“¹-12,,
20581-1000-3.zip,202202011356,ã…“àŒSMBV’¬‘åš‰ºsê,“¹-13,,
20581-1000-3.zip,202202011356,ã…“àŒSMBV’¬‘åš‰ºsê,“¹-14,,
20581-1000-3.zip,202202011356,ã…“àŒSMBV’¬‘åš‰ºsê,“¹-15,,
20581-1000-3.zip,202202011356,ã…“àŒSMBV’¬‘åš‰ºsê,“¹-18,,
20581-1000-3.zip,202202011356,ã…“àŒSMBV’¬‘åš‰ºsê,“¹-19,,
20581-1000-3.zip,202202011356,ã…“àŒSMBV’¬‘åš‰ºsê,“¹-23,,
20581-1000-3.zip,202202011356,ã…“àŒSMBV’¬‘åš‰ºsê,“¹-26,,
20581-1000-3.zip,202202011356,ã…“àŒSMBV’¬‘åš‰ºsê,“¹-8,,
20581-1000-3.zip,202202011356,ã…“àŒSMBV’¬‘åš‰ºsê,“¹-16,,
20581-1000-4.zip,202202011356,ã…“àŒSMBV’¬‘åš–q–ì“‡,•MŠE–¢’è’n-20099592,ã…“àŒSMBV’¬‘åš–q–ì“‡,162
20581-1000-4.zip,202202011356,ã…“àŒSMBV’¬‘åš–q–ì“‡,•MŠE–¢’è’n-20099592,ã…“àŒSMBV’¬‘åš–q–ì“‡,“¹-159-100
